USE grupo_8_magazineluiza;

-- Populate Endereco table
INSERT INTO Endereco (cep, estado, cidade, bairro, rua, numero, complemento) VALUES
    ('12345678', 'SP', 'Sao Paulo', 'Centro', 'Avenida Paulista', '123', 'Apto 1'),
    ('87654321', 'RJ', 'Rio de Janeiro', 'Copacabana', 'Rua Nascimento Silva', '456', 'Bloco B'),
    ('23456789', 'MG', 'Belo Horizonte', 'Savassi', 'Rua da Bahia', '789', 'Casa 2'),
    ('34567890', 'RS', 'Porto Alegre', 'Moinhos de Vento', 'Avenida Mostardeiro', '890', 'Apto 3'),
    ('45678901', 'PR', 'Curitiba', 'Batel', 'Rua Comendador Araújo', '901', 'Conjunto 10'),
    ('56789012', 'SC', 'Florianopolis', 'Centro', 'Rua Felipe Schmidt', '123', 'Apto 5'),
    ('67890123', 'BA', 'Salvador', 'Barra', 'Avenida Oceânica', '234', 'Casa 7'),
    ('78901234', 'PE', 'Recife', 'Boa Viagem', 'Rua dos Navegantes', '345', 'Bloco C'),
    ('89012345', 'CE', 'Fortaleza', 'Meireles', 'Avenida Beira Mar', '456', 'Apto 9'),
    ('90123456', 'AM', 'Manaus', 'Adrianopolis', 'Rua Belo Horizonte', '567', 'Casa 11'),
    ('01234567', 'PA', 'Belem', 'Nazare', 'Travessa 14 de Marco', '678', 'Apto 13'),
    ('12345678', 'SP', 'Sao Paulo', 'Moema', 'Avenida Ibirapuera', '789', 'Conjunto 15'),
    ('23456789', 'RJ', 'Niteroi', 'Icarai', 'Rua Miguel de Frias', '890', 'Apto 17'),
    ('34567890', 'MG', 'Uberlandia', 'Centro', 'Avenida Afonso Pena', '901', 'Casa 19'),
    ('45678901', 'RS', 'Caxias do Sul', 'Pio X', 'Rua Sinimbu', '123', 'Apto 21'),
    ('56789012', 'PR', 'Londrina', 'Centro', 'Avenida Higienopolis', '234', 'Conjunto 23'),
    ('67890123', 'SC', 'Joinville', 'Centro', 'Rua Dr. Joao Colin', '345', 'Apto 25'),
    ('78901234', 'BA', 'Feira de Santana', 'Centro', 'Avenida Getulio Vargas', '456', 'Casa 27'),
    ('89012345', 'PE', 'Jaboatao dos Guararapes', 'Candeias', 'Rua Oscar Francisco de Melo', '567', 'Apto 29'),
    ('90123456', 'CE', 'Juazeiro do Norte', 'Centro', 'Rua Padre Cicero', '678', 'Conjunto 31'),
    ('01234567', 'AM', 'Itacoatiara', 'Centro', 'Rua Barroso', '789', 'Apto 33'),
    ('12345678', 'PA', 'Santarem', 'Aldeia', 'Travessa Tupaiulandia', '890', 'Casa 35'),
    ('23456789', 'SP', 'Sao Jose dos Campos', 'Jardim Satelite', 'Rua das Gaivotas', '901', 'Apto 37'),
    ('34567890', 'RJ', 'Nova Friburgo', 'Centro', 'Avenida Alberto Braune', '123', 'Conjunto 39'),
    ('45678901', 'MG', 'Pocos de Caldas', 'Centro', 'Rua Assis Figueiredo', '234', 'Apto 41'),
    ('56789012', 'RS', 'Pelotas', 'Centro', 'Rua Andrade Neves', '345', 'Casa 43'),
    ('67890123', 'PR', 'Ponta Grossa', 'Centro', 'Avenida Vicente Machado', '456', 'Apto 45'),
    ('78901234', 'SC', 'Criciuma', 'Centro', 'Rua Henrique Lage', '567', 'Conjunto 47'),
    ('89012345', 'BA', 'Ilheus', 'Centro', 'Avenida Osvaldo Cruz', '678', 'Apto 49'),
    ('90123456', 'PE', 'Caruaru', 'Indianopolis', 'Rua Cel. Limeira', '789', 'Casa 51');

-- Populate Usuario table
INSERT INTO Usuario (nome, email, senha, id_carrinho)
VALUES
    ('John Doe', 'john.doe@example.com', 'password123', 1),
    ('Jane Smith', 'jane.smith@example.com', 'letmein', 2),
    ('Alice Johnson', 'alice.johnson@example.com', 'securepass', 3),
    ('Bob Williams', 'bob.williams@example.com', 'pass1234', 4),
    ('Emily Davis', 'emily.davis@example.com', 'mypassword', 5),
    ('Michael Brown', 'michael.brown@example.com', 'ilovecoding', 6),
    ('Olivia Miller', 'olivia.miller@example.com', 'p@ssw0rd', 7),
    ('Daniel Wilson', 'daniel.wilson@example.com', 'qwerty', 8),
    ('Sophia Garcia', 'sophia.garcia@example.com', 'secret123', 9),
    ('William Martinez', 'william.martinez@example.com', 'letmein321', 10),
    ('Ella Rodriguez', 'ella.rodriguez@example.com', 'mysecurepass', 11),
    ('Matthew Taylor', 'matthew.taylor@example.com', 'passpass', 12),
    ('Amelia Thomas', 'amelia.thomas@example.com', 'password567', 13),
    ('James Hernandez', 'james.hernandez@example.com', 'secure123', 14),
    ('Grace Martinez', 'grace.martinez@example.com', 'myp@ssword', 15),
    ('Alexander Johnson', 'alexander.johnson@example.com', 'iloveyou', 16),
    ('Chloe Smith', 'chloe.smith@example.com', 'pass12345', 17),
    ('Daniel Davis', 'daniel.davis@example.com', 'letmein123', 18),
    ('Mia Taylor', 'mia.taylor@example.com', 'password789', 19),
    ('Liam Wilson', 'liam.wilson@example.com', 'securepass321', 20),
    ('Sophie Brown', 'sophie.brown@example.com', 'qwerty123', 21),
    ('Benjamin Wilson', 'benjamin.wilson@example.com', 'myp@ss', 22),
    ('Ava Smith', 'ava.smith@example.com', 'password890', 23),
    ('Henry Thomas', 'henry.thomas@example.com', 'securepass123', 24),
    ('Evelyn Rodriguez', 'evelyn.rodriguez@example.com', 'letmein567', 25),
    ('Lucas Taylor', 'lucas.taylor@example.com', 'mypass123', 26),
    ('Scarlett Hernandez', 'scarlett.hernandez@example.com', 'pass567', 27),
    ('Jackson Martinez', 'jackson.martinez@example.com', 'qwerty321', 28),
    ('Lily Davis', 'lily.davis@example.com', 'mypassword123', 29),
    ('Ethan Johnson', 'ethan.johnson@example.com', 'letmein890', 30),
    ('Zoe Brown', 'zoe.brown@example.com', 'password321', 31),
    ('Carter Wilson', 'carter.wilson@example.com', 'secure567', 32),
    ('Aria Taylor', 'aria.taylor@example.com', 'myp@ss123', 33),
    ('Sebastian Smith', 'sebastian.smith@example.com', 'pass890', 34),
    ('Luna Davis', 'luna.davis@example.com', 'letmein5678', 35),
    ('Mateo Hernandez', 'mateo.hernandez@example.com', 'password098', 36),
    ('Madison Martinez', 'madison.martinez@example.com', 'secure890', 37),
    ('Gabriel Johnson', 'gabriel.johnson@example.com', 'letmein098', 38),
    ('Avery Taylor', 'avery.taylor@example.com', 'mypassword890', 39),
    ('Logan Brown', 'logan.brown@example.com', 'password765', 40),
    ('Sofia Wilson', 'sofia.wilson@example.com', 'securepass567', 41),
    ('Jackson Smith', 'jackson.smith@example.com', 'letmein765', 42),
    ('Harper Davis', 'harper.davis@example.com', 'myp@ss567', 43),
    ('Emma Johnson', 'emma.johnson@example.com', 'qwerty567', 44);

-- Populate Endereco_Usuario table
INSERT INTO Endereco_Usuario (fk_Usuario_Carrinho_email, fk_Endereco_cep, fk_Endereco_numero)
VALUES
    ('john.doe@example.com', '12345678', '123'),
    ('jane.smith@example.com', '12345678', '123'),
    ('bob.williams@example.com', '34567890', '901'),
    ('emily.davis@example.com', '87654321', '456'),
    ('michael.brown@example.com', '87654321', '456');


-- Populate Produto table
INSERT INTO Produto (id, nome, descricao, preco)
VALUES
    (1, 'Laptop', 'High-performance laptop', 999.99),
    (2, 'Smartphone', 'Latest model with great features', 599.99),
    (3, 'Smartwatch', 'Fitness tracker and smartwatch', 149.99),
    (4, 'Headphones', 'Noise-canceling wireless headphones', 129.99),
    (5, 'Tablet', 'Large screen tablet for productivity', 349.99),
    (6, 'Gaming Console', 'Next-gen gaming console', 499.99),
    (7, '4K Smart TV', 'Ultra HD Smart TV with streaming apps', 899.99),
    (8, 'Digital Camera', 'High-resolution digital camera', 699.99),
    (9, 'Wireless Earbuds', 'Compact and stylish wireless earbuds', 79.99),
    (10, 'Bluetooth Speaker', 'Portable Bluetooth speaker', 49.99),
    (11, 'External Hard Drive', '1TB external hard drive', 79.99),
    (12, 'Fitness Tracker', 'Track your fitness and health', 59.99),
    (13, 'Home Security Camera', 'Smart home security camera', 129.99),
    (14, 'Electric Toothbrush', 'Smart electric toothbrush', 39.99),
    (15, 'Coffee Maker', 'Programmable coffee maker', 89.99),
    (16, 'Robot Vacuum Cleaner', 'Smart robot vacuum for easy cleaning', 199.99),
    (17, 'Wireless Router', 'High-speed wireless router', 79.99),
    (18, 'Smart Thermostat', 'Programmable smart thermostat', 149.99),
    (19, 'Electric Scooter', 'Foldable electric scooter', 299.99),
    (20, 'Bluetooth Keyboard', 'Compact Bluetooth keyboard', 29.99),
    (21, 'Gaming Mouse', 'High-precision gaming mouse', 49.99),
    (22, 'Portable Charger', 'High-capacity portable charger', 39.99),
    (23, 'Wireless Charging Pad', 'Qi-compatible wireless charging pad', 19.99),
    (24, 'Bluetooth Headset', 'Comfortable Bluetooth headset', 59.99),
    (25, 'Portable Projector', 'Compact and portable projector', 129.99),
    (26, 'Smart Light Bulbs', 'Smart LED light bulbs', 19.99),
    (27, 'Bluetooth Earphones', 'Wireless Bluetooth earphones', 39.99),
    (28, 'Outdoor Security Camera', 'Weather-resistant outdoor security camera', 149.99),
    (29, 'Smart Doorbell', 'Video doorbell with smart features', 199.99),
    (30, 'Wireless Gaming Controller', 'Bluetooth gaming controller', 49.99),
    (31, 'Smart Plug', 'WiFi-enabled smart plug', 14.99),
    (32, 'Portable Bluetooth Printer', 'Compact mobile printer', 79.99),
    (33, 'Waterproof Bluetooth Speaker', 'Waterproof outdoor Bluetooth speaker', 59.99),
    (34, 'Wireless Keyboard and Mouse Combo', 'Compact combo for productivity', 39.99),
    (35, 'Fitness Smart Scale', 'Bluetooth-connected smart scale', 29.99),
    (36, 'In-Ear Monitor Headphones', 'Professional in-ear monitor headphones', 129.99),
    (37, 'Gaming Mechanical Keyboard', 'Mechanical keyboard for gaming', 69.99),
    (38, 'Smart Home Hub', 'Central hub for smart home devices', 79.99),
    (39, 'Cordless Handheld Vacuum', 'Portable cordless vacuum cleaner', 89.99),
    (40, 'High-Speed USB-C Cable', 'Durable USB-C cable for fast charging', 9.99),
    (41, 'Compact Photo Printer', 'Print photos on the go', 59.99),
    (42, 'Wireless In-Ear Sports Headphones', 'Sweat-resistant sports headphones', 49.99),
    (43, 'Bluetooth Karaoke Microphone', 'Wireless microphone for karaoke', 29.99),
    (44, 'Smart WiFi Camera', 'WiFi-connected surveillance camera', 79.99),
    (45, 'Wireless Gaming Mouse', 'Gaming mouse with low-latency wireless connection', 59.99),
    (46, 'Wireless Charging Stand', 'Qi-enabled wireless charging stand', 24.99),
    (47, 'Smart Mirror', 'Mirror with built-in smart features', 129.99),
    (48, 'Portable External SSD', 'High-speed portable SSD for data storage', 119.99),
    (49, 'Bluetooth Car Kit', 'Wireless Bluetooth car kit for hands-free calls', 34.99),
    (50, 'Smart LED Strip Lights', 'RGB LED strip lights with smart control', 49.99);

-- Populate Avaliacao table
INSERT INTO Avaliacao (id, qualidade_geral, custo_beneficio, estrelas, usuario_recomenda, titulo, comentario, fk_Usuario_Carrinho_email, fk_Usuario_Carrinho_id_carrinho, fk_Produto_id)
VALUES
    (1, 4, 5, 4, TRUE, 'Great Product', 'I love this product. It exceeded my expectations.', 'john.doe@example.com', 1, 1),
    (2, 3, 4, 3, FALSE, 'Not Bad', 'Decent product for the price. Could be better.', 'jane.smith@example.com', 2, 2),
    (3, 5, 5, 5, TRUE, 'Amazing Experience', 'This is the best product I have ever purchased. Highly recommended!', 'john.doe@example.com', 1, 3),
    (4, 2, 3, 2, FALSE, 'Disappointed', 'Not satisfied with the quality. Wouldn not recommend.', 'jane.smith@example.com', 2, 4),
    (5, 4, 4, 4, TRUE, 'Impressive', 'Impressed with the features. Good value for money.', 'john.doe@example.com', 1, 5),
    (6, 3, 3, 3, FALSE, 'Average', 'The product is okay. Nothing special.', 'jane.smith@example.com', 2, 6),
    (7, 5, 5, 5, TRUE, 'Excellent Purchase', 'Couldn not be happier with my purchase. Definitely recommend.', 'john.doe@example.com', 1, 7),
    (8, 2, 2, 2, FALSE, 'Not Worth It', 'Regret buying this product. Poor quality.', 'jane.smith@example.com', 2, 8),
    (9, 4, 4, 4, TRUE, 'Satisfied Customer', 'Good overall experience. Will buy again.', 'john.doe@example.com', 1, 9),
    (10, 3, 3, 3, FALSE, 'Mediocre', 'Not impressed. Expected better quality.', 'jane.smith@example.com', 2, 10);

-- Populate Pedido table
INSERT INTO Pedido (num_nota_fiscal, data_compra, codigo_rastreio, fk_Endereco_cep, fk_Endereco_numero, fk_Usuario_Carrinho_email)
VALUES
    ('12345678901234567890123456789012345678901278', '2023-11-01', 'ABC123', '12345678', '123', 'john.doe@example.com'),
    ('98765432109876543210987654321098765432109876', '2023-11-02', 'DEF456', '87654321', '456', 'jane.smith@example.com'),
    ('12345678901234567890123456789012345678901279', '2023-11-01', 'ABC123', '12345678', '123', 'john.doe@example.com'),
    ('98765432109876543210987654321098765432109877', '2023-11-02', 'DEF456', '87654321', '456', 'jane.smith@example.com'),
    ('12345678901234567890123456789012345678901280', '2023-11-01', 'ABC123', '12345678', '123', 'john.doe@example.com'),
    ('98765432109876543210987654321098765432109878', '2023-11-02', 'DEF456', '87654321', '456', 'jane.smith@example.com'),
    ('12345678901234567890123456789012345678901281', '2023-11-01', 'ABC123', '12345678', '123', 'john.doe@example.com'),
    ('98765432109876543210987654321098765432109879', '2023-11-02', 'DEF456', '87654321', '456', 'jane.smith@example.com');



-- Populate Item_Venda table
INSERT INTO Item_Venda (quantidade, fk_Produto_id, fk_Pedido_num_nota_fiscal)
VALUES
    (2, 1, '12345678901234567890123456789012345678901278'),
    (1, 2, '12345678901234567890123456789012345678901278'),
    (3, 1, '12345678901234567890123456789012345678901278'),
    (2, 2, '12345678901234567890123456789012345678901278'),
    (1, 1, '12345678901234567890123456789012345678901278'),
    (4, 2, '12345678901234567890123456789012345678901278'),
    (2, 1, '12345678901234567890123456789012345678901278'),
    (1, 2, '12345678901234567890123456789012345678901278'),
    (3, 1, '12345678901234567890123456789012345678901278'),
    (2, 2, '12345678901234567890123456789012345678901278'),
    (1, 1, '98765432109876543210987654321098765432109876'),
    (4, 2, '98765432109876543210987654321098765432109876'),
    (2, 1, '98765432109876543210987654321098765432109876'),
    (1, 2, '98765432109876543210987654321098765432109876'),
    (3, 1, '98765432109876543210987654321098765432109876'),
    (2, 2, '12345678901234567890123456789012345678901279'),
    (1, 1, '12345678901234567890123456789012345678901279'),
    (4, 2, '12345678901234567890123456789012345678901279'),
    (2, 1, '12345678901234567890123456789012345678901279'),
    (1, 2, '12345678901234567890123456789012345678901279'),
    (3, 1, '12345678901234567890123456789012345678901279'),
    (2, 2, '12345678901234567890123456789012345678901279'),
    (1, 1, '12345678901234567890123456789012345678901279'),
    (4, 2, '12345678901234567890123456789012345678901279'),
    (2, 1, '12345678901234567890123456789012345678901279'),
    (1, 2, '12345678901234567890123456789012345678901279'),
    (3, 1, '12345678901234567890123456789012345678901279'),
    (2, 2, '12345678901234567890123456789012345678901279'),
    (1, 1, '98765432109876543210987654321098765432109877'),
    (4, 2, '98765432109876543210987654321098765432109877'),
    (2, 1, '98765432109876543210987654321098765432109877'),
    (1, 2, '98765432109876543210987654321098765432109877'),
    (3, 1, '98765432109876543210987654321098765432109877'),
    (2, 2, '98765432109876543210987654321098765432109877'),
    (1, 1, '98765432109876543210987654321098765432109877'),
    (4, 2, '98765432109876543210987654321098765432109877'),
    (2, 1, '12345678901234567890123456789012345678901281'),
    (1, 2, '12345678901234567890123456789012345678901281'),
    (3, 1, '12345678901234567890123456789012345678901281'),
    (2, 2, '12345678901234567890123456789012345678901281'),
    (1, 1, '12345678901234567890123456789012345678901281');

-- Populate Item_Carrinho table
INSERT INTO Item_Carrinho (quantidade, fk_Usuario_Carrinho_email, fk_Usuario_Carrinho_id_carrinho, fk_Produto_id)
VALUES
    (2, 'john.doe@example.com', 1, 1),
    (3, 'jane.smith@example.com', 2, 2),
    (1, 'alice.johnson@example.com', 3, 1),
    (4, 'bob.williams@example.com', 4, 2),
    (2, 'john.doe@example.com', 1, 1),
    (3, 'john.doe@example.com', 1, 2),
    (1, 'john.doe@example.com', 1, 1),
    (4, 'john.doe@example.com', 1, 2),
    (2, 'jane.smith@example.com', 2, 1),
    (3, 'jane.smith@example.com', 2, 2);


